"branch","avggrossincome"
"C","16.0528353658536585"
"B","15.2330120481927711"
"A","14.8745882352941176"
