"month","totalsales","avgtotal"
"February ","97219.58","320.8566996699669967"
"January  ","116292.11","330.3753125000000000"
"March    ","109455.74","317.2630144927536232"
